outliers,auc,trials,sigma
0,0.857951027986439,0,1e-06
0,0.8579025165472414,1,1e-06
0,0.8578650997798962,2,1e-06
0,0.8579776055100439,3,1e-06
0,0.8579642556317126,4,1e-06
0,0.857898825032629,5,1e-06
0,0.8579025326447882,6,1e-06
0,0.8578348427758793,7,1e-06
0,0.8579480302271952,8,1e-06
0,0.8579286250601852,9,1e-06
25,0.8579172145716538,0,1e-06
25,0.8579227953121861,1,1e-06
25,0.8579025893564701,2,1e-06
25,0.8578618362642275,3,1e-06
25,0.8579625818028499,4,1e-06
25,0.8578951667635583,5,1e-06
25,0.8579640965269961,6,1e-06
25,0.8578842545481391,7,1e-06
25,0.8578977500354198,8,1e-06
25,0.85791588284802,9,1e-06
50,0.8578756018702342,0,1e-06
50,0.8579794462763607,1,1e-06
50,0.8579463478377929,2,1e-06
50,0.8579410474790291,3,1e-06
50,0.8578804505195942,4,1e-06
50,0.8578902422944854,5,1e-06
50,0.8579431880813184,6,1e-06
50,0.8578890373375243,7,1e-06
50,0.8579443246532367,8,1e-06
50,0.8579292672486079,9,1e-06
75,0.8579447187318595,0,1e-06
75,0.14987569879705956,1,1e-06
75,0.8579200640399098,2,1e-06
75,0.8579120517729851,3,1e-06
75,0.857956957739875,4,1e-06
75,0.8579178982467356,5,1e-06
75,0.8578526147881136,6,1e-06
75,0.8578998823735449,7,1e-06
75,0.8579755658880532,8,1e-06
75,0.8579400407972402,9,1e-06
100,0.14942041608461942,0,1e-06
100,0.15067351251656663,1,1e-06
100,0.8579243915203644,2,1e-06
100,0.8579411989531038,3,1e-06
100,0.15016735702874107,4,1e-06
100,0.8579328102383879,5,1e-06
100,0.15062857402081853,6,1e-06
100,0.152489276981432,7,1e-06
100,0.8385491694125908,8,1e-06
100,0.14964340724400976,9,1e-06
125,0.1494127934055708,0,1e-06
125,0.14925229396740966,1,1e-06
125,0.1558539332425466,2,1e-06
125,0.14928964976778294,3,1e-06
125,0.14954416177566512,4,1e-06
125,0.15085663914188416,5,1e-06
125,0.8579141415105066,6,1e-06
125,0.14961710867477201,7,1e-06
125,0.151110540061028,8,1e-06
125,0.14924843103926375,9,1e-06
150,0.1494174376387256,0,1e-06
150,0.14928438623120094,1,1e-06
150,0.15168765256196726,2,1e-06
150,0.1503285370238449,3,1e-06
150,0.1492845451982861,4,1e-06
150,0.1492429802849133,5,1e-06
150,0.14922325395052466,6,1e-06
150,0.14943095881149343,7,1e-06
150,0.1492795329910143,8,1e-06
150,0.14944656848745244,9,1e-06
175,0.1492027811336258,0,1e-06
175,0.14922493896491448,1,1e-06
175,0.14920401081168777,2,1e-06
175,0.1492153680742842,3,1e-06
175,0.1492307549797563,4,1e-06
175,0.14921647660293338,5,1e-06
175,0.149231363415949,6,1e-06
175,0.149215463485188,7,1e-06
175,0.14924298599451838,8,1e-06
175,0.14921353695875997,9,1e-06
200,0.1492239438080575,0,1e-06
200,0.1492171375498293,1,1e-06
200,0.14919617891996595,2,1e-06
200,0.14920205814884474,3,1e-06
200,0.14920860007418096,4,1e-06
200,0.14919016154807344,5,1e-06
200,0.14919999857434038,6,1e-06
200,0.1492060054717475,7,1e-06
200,0.14918641058220733,8,1e-06
200,0.14920728457573357,9,1e-06
225,0.1491919954739199,0,1e-06
225,0.14919070528126446,1,1e-06
225,0.14920823185219856,2,1e-06
225,0.14920315687891694,3,1e-06
225,0.1491986427781169,4,1e-06
225,0.14919227468147075,5,1e-06
225,0.14919478902969055,6,1e-06
225,0.14920495392859234,7,1e-06
225,0.1491869778431034,8,1e-06
225,0.14918817740230578,9,1e-06
250,0.1492003030420748,0,1e-06
250,0.14919881460116075,1,1e-06
250,0.14918561199511932,2,1e-06
250,0.14918646057767374,3,1e-06
250,0.14919231071090283,4,1e-06
250,0.149197060396569,5,1e-06
250,0.14919069903370474,6,1e-06
250,0.14919428812578944,7,1e-06
250,0.14920476786151193,8,1e-06
250,0.14918950077281384,9,1e-06
275,0.1491845181725548,0,1e-06
275,0.14918963750002998,1,1e-06
275,0.14920192431494841,2,1e-06
275,0.1491846773775133,3,1e-06
275,0.14919047402308258,4,1e-06
275,0.14918483490011406,5,1e-06
275,0.14918800842858515,6,1e-06
275,0.14918683288975618,7,1e-06
275,0.14918605864294587,8,1e-06
275,0.14918350375553113,9,1e-06
300,0.14917984306888646,0,1e-06
300,0.14918073310780186,1,1e-06
300,0.14918468931066525,2,1e-06
300,0.1491871018265289,3,1e-06
300,0.1491799437192892,4,1e-06
300,0.1491855756902634,5,1e-06
300,0.1491814471807128,6,1e-06
300,0.14918269554520902,7,1e-06
300,0.14918102293311017,8,1e-06
300,0.1491795576908108,9,1e-06
325,0.14918600282248326,0,1e-06
325,0.1491781894782752,1,1e-06
325,0.14917873855426947,2,1e-06
325,0.1491776667688336,3,1e-06
325,0.14917955304486696,4,1e-06
325,0.14917805440182916,5,1e-06
325,0.14917951385603842,6,1e-06
325,0.14918180941234804,7,1e-06
325,0.1491802836818854,8,1e-06
325,0.1491803563890997,9,1e-06
350,0.14917911285555965,0,1e-06
350,0.14917759691658308,1,1e-06
350,0.14918013975754993,2,1e-06
350,0.1491778892005606,3,1e-06
350,0.149180138161091,4,1e-06
350,0.1491791516745241,5,1e-06
350,0.14918136930329884,6,1e-06
350,0.14918008646779554,7,1e-06
350,0.14918315993667908,8,1e-06
350,0.14918262557450543,9,1e-06
375,0.14917871071277322,0,1e-06
375,0.14917784210743912,1,1e-06
375,0.1491789232883889,2,1e-06
375,0.1491768866834896,3,1e-06
375,0.14917866275856964,4,1e-06
375,0.1491789251820283,5,1e-06
375,0.1491808005047675,6,1e-06
375,0.14917885677023315,7,1e-06
375,0.1491757170997136,8,1e-06
375,0.149178606354866,9,1e-06
400,0.14917761443041136,0,1e-06
400,0.14917698774791446,1,1e-06
400,0.14917799110044322,2,1e-06
400,0.1491764269996878,3,1e-06
400,0.14917595920708,4,1e-06
400,0.14917619196937593,5,1e-06
400,0.14917621822085958,6,1e-06
400,0.14917868265580497,7,1e-06
400,0.1491772287373084,8,1e-06
400,0.1491789095526534,9,1e-06
425,0.14917733363768274,0,1e-06
425,0.14917672546273178,1,1e-06
425,0.14917892825375326,2,1e-06
425,0.149177756010824,3,1e-06
425,0.14917618824607773,4,1e-06
425,0.14917525477738713,5,1e-06
425,0.14917544516406064,6,1e-06
425,0.14917801855579804,7,1e-06
425,0.14917861565239415,8,1e-06
425,0.149177258047463,9,1e-06
450,0.14917639948873238,0,1e-06
450,0.1491774268616344,1,1e-06
450,0.1491754632127817,2,1e-06
450,0.14917719621183445,3,1e-06
450,0.14917615521665414,4,1e-06
450,0.14917629532115612,5,1e-06
450,0.1491763645695371,6,1e-06
450,0.14917612425685756,7,1e-06
450,0.149176472187405,8,1e-06
450,0.14917580655363058,9,1e-06
475,0.14917519175174732,0,1e-06
475,0.14917574662807995,1,1e-06
475,0.14917772795675685,2,1e-06
475,0.14917493209316324,3,1e-06
475,0.1491764948058406,4,1e-06
475,0.1491765855256758,5,1e-06
475,0.14917556731976142,6,1e-06
475,0.14917580726692836,7,1e-06
475,0.14917684874897558,8,1e-06
475,0.14917691227373042,9,1e-06
500,0.1491751042633474,0,1e-06
500,0.14917506249723528,1,1e-06
500,0.1491748561657951,2,1e-06
500,0.14917511024160754,3,1e-06
500,0.14917517111768455,4,1e-06
500,0.14917511345370357,5,1e-06
500,0.14917496612855277,6,1e-06
500,0.14917638242035255,7,1e-06
500,0.14917521570507775,8,1e-06
500,0.14917490545715004,9,1e-06
0,0.8579319981780947,0,1e-05
0,0.8578904252403646,1,1e-05
0,0.8578666180953501,2,1e-05
0,0.857907615797303,3,1e-05
0,0.857907683913852,4,1e-05
0,0.8579600735832527,5,1e-05
0,0.8579247731767115,6,1e-05
0,0.8579329596805465,7,1e-05
0,0.8579029643386645,8,1e-05
0,0.8579474132141857,9,1e-05
25,0.8579479164429924,0,1e-05
25,0.8579145695752034,1,1e-05
25,0.8579575868517098,2,1e-05
25,0.8579123667956245,3,1e-05
25,0.857899700392535,4,1e-05
25,0.8579156206838691,5,1e-05
25,0.8579114081418504,6,1e-05
25,0.8579445233738584,7,1e-05
25,0.8579568499134649,8,1e-05
25,0.8579246364037256,9,1e-05
50,0.8578599322914482,0,1e-05
50,0.8579529594347183,1,1e-05
50,0.8578776711424291,2,1e-05
50,0.8579487100697121,3,1e-05
50,0.8579073637361619,4,1e-05
50,0.8579112665432269,5,1e-05
50,0.8579607700209813,6,1e-05
50,0.8579431679919792,7,1e-05
50,0.8578753317208875,8,1e-05
50,0.8578886357902269,9,1e-05
75,0.8578787013222686,0,1e-05
75,0.8578703560684323,1,1e-05
75,0.8579242081071183,2,1e-05
75,0.8579315730727943,3,1e-05
75,0.8578768559393393,4,1e-05
75,0.8579711003546735,5,1e-05
75,0.8579243904247928,6,1e-05
75,0.858000769822476,7,1e-05
75,0.8579942373545391,8,1e-05
75,0.8579559614339417,9,1e-05
100,0.8579595407936861,0,1e-05
100,0.857855082269965,1,1e-05
100,0.8579188026473349,2,1e-05
100,0.721390959611191,3,1e-05
100,0.8578620963091138,4,1e-05
100,0.17465564770379818,5,1e-05
100,0.8578940378794934,6,1e-05
100,0.8579303002540797,7,1e-05
100,0.8578965361520839,8,1e-05
100,0.8579527188720784,9,1e-05
125,0.857960918911648,0,1e-05
125,0.16309025357311974,1,1e-05
125,0.14974467277377443,2,1e-05
125,0.15208306435697447,3,1e-05
125,0.15160059343009685,4,1e-05
125,0.15119126888862236,5,1e-05
125,0.14939304461713035,6,1e-05
125,0.14992267769449463,7,1e-05
125,0.1498766905123276,8,1e-05
125,0.15237319092666987,9,1e-05
150,0.1500697239492807,0,1e-05
150,0.15077717750736402,1,1e-05
150,0.14954921064266896,2,1e-05
150,0.16013629505861576,3,1e-05
150,0.8578756657194058,4,1e-05
150,0.1502408393395008,5,1e-05
150,0.15195616720278965,6,1e-05
150,0.1506188608401845,7,1e-05
150,0.1502598991097338,8,1e-05
150,0.15287581763797062,9,1e-05
175,0.15043681659807653,0,1e-05
175,0.15009225490038966,1,1e-05
175,0.15042990898033792,2,1e-05
175,0.15032112201419337,3,1e-05
175,0.14956616222101732,4,1e-05
175,0.149474575926586,5,1e-05
175,0.15013662659358323,6,1e-05
175,0.18965983918208837,7,1e-05
175,0.14979522223576436,8,1e-05
175,0.1499954489731256,9,1e-05
200,0.14954937658398804,0,1e-05
200,0.1493402996365004,1,1e-05
200,0.14964918223407905,2,1e-05
200,0.14989601875019432,3,1e-05
200,0.14963659669423035,4,1e-05
200,0.14949535801574507,5,1e-05
200,0.1495452684300142,6,1e-05
200,0.14950531121171712,7,1e-05
200,0.14971291018181712,8,1e-05
200,0.1499138357856003,9,1e-05
225,0.14965799237592226,0,1e-05
225,0.14960190477835408,1,1e-05
225,0.1493074408757997,2,1e-05
225,0.14931600957345323,3,1e-05
225,0.1493904776763378,4,1e-05
225,0.1494181628497821,5,1e-05
225,0.14937359193765823,6,1e-05
225,0.14956078720289834,7,1e-05
225,0.14951446548329136,8,1e-05
225,0.1492986946722499,9,1e-05
250,0.14932048805916545,0,1e-05
250,0.14936359047885983,1,1e-05
250,0.1493100421140292,2,1e-05
250,0.14934302673438957,3,1e-05
250,0.14930977546412835,4,1e-05
250,0.1493380456975515,5,1e-05
250,0.1493648866829743,6,1e-05
250,0.14930298637710054,7,1e-05
250,0.14936721140391024,8,1e-05
250,0.14936895438332967,9,1e-05
275,0.14932861902037917,0,1e-05
275,0.1492858928568558,1,1e-05
275,0.1492970595767751,2,1e-05
275,0.1493507038324464,3,1e-05
275,0.1494739977924927,4,1e-05
275,0.14932493918364073,5,1e-05
275,0.1493055246741385,6,1e-05
275,0.1492906561211258,7,1e-05
275,0.14927189624294956,8,1e-05
275,0.1494149394845882,9,1e-05
300,0.14929388341106878,0,1e-05
300,0.14923705926735997,1,1e-05
300,0.14923879852315872,2,1e-05
300,0.14924475493774922,3,1e-05
300,0.1492986095996507,4,1e-05
300,0.14926199345340416,5,1e-05
300,0.14923697736914493,6,1e-05
300,0.14924745323700808,7,1e-05
300,0.1493073305083672,8,1e-05
300,0.149258507393679,9,1e-05
325,0.14930331929358512,0,1e-05
325,0.14923009033712087,1,1e-05
325,0.14924111731611692,2,1e-05
325,0.1493013157026381,3,1e-05
325,0.14924310723256953,4,1e-05
325,0.14929442737294712,5,1e-05
325,0.14924239241058324,6,1e-05
325,0.14932898411406925,7,1e-05
325,0.14927158839293334,8,1e-05
325,0.14923966154137006,9,1e-05
350,0.14925234509680346,0,1e-05
350,0.1492472325975504,1,1e-05
350,0.14926081723705523,2,1e-05
350,0.1492355684762379,3,1e-05
350,0.14923382990198805,4,1e-05
350,0.14923628459685787,5,1e-05
350,0.14923294882764238,6,1e-05
350,0.14925255717797775,7,1e-05
350,0.14924771854137747,8,1e-05
350,0.14927834806134527,9,1e-05
375,0.14923582504859223,0,1e-05
375,0.1492316257000035,1,1e-05
375,0.14923505002498688,2,1e-05
375,0.14923936724932887,3,1e-05
375,0.1492587295045348,4,1e-05
375,0.14924247576424132,5,1e-05
375,0.14927167197817942,6,1e-05
375,0.14926469312333568,7,1e-05
375,0.1492395535799072,8,1e-05
375,0.14923156333786283,9,1e-05
400,0.14921900876667463,0,1e-05
400,0.1492349212837722,1,1e-05
400,0.1492104177804816,2,1e-05
400,0.14923098743568547,3,1e-05
400,0.1492097335832385,4,1e-05
400,0.14922191679238722,5,1e-05
400,0.1492341833431072,6,1e-05
400,0.14922185613484426,7,1e-05
400,0.1492200033800974,8,1e-05
400,0.1492283839392706,9,1e-05
425,0.1492215344843058,0,1e-05
425,0.14921953099215035,1,1e-05
425,0.14921856690032803,2,1e-05
425,0.14922585590946527,3,1e-05
425,0.14921401884649185,4,1e-05
425,0.14922567394022077,5,1e-05
425,0.14921274081261351,6,1e-05
425,0.1492124626772654,7,1e-05
425,0.14921444888653598,8,1e-05
425,0.14920632409600837,9,1e-05
450,0.14920828812052692,0,1e-05
450,0.1492115256462764,1,1e-05
450,0.14923028370252958,2,1e-05
450,0.14922173489792134,3,1e-05
450,0.14920854536621142,4,1e-05
450,0.14921693785773082,5,1e-05
450,0.1492202131387832,6,1e-05
450,0.14921919573496623,7,1e-05
450,0.14922365982224983,8,1e-05
450,0.14921468201031557,9,1e-05
475,0.14920058445607814,0,1e-05
475,0.1492116927021835,1,1e-05
475,0.14921645702205658,2,1e-05
475,0.14921646631394408,3,1e-05
475,0.14922207034398582,4,1e-05
475,0.14920205391643962,5,1e-05
475,0.14920686901324795,6,1e-05
475,0.14921784376099367,7,1e-05
475,0.14921568295896964,8,1e-05
475,0.14920847776779486,9,1e-05
500,0.14920622447800164,0,1e-05
500,0.14919635606341147,1,1e-05
500,0.14920337048112706,2,1e-05
500,0.1492107653804883,3,1e-05
500,0.14920459114691537,4,1e-05
500,0.1492055977681075,5,1e-05
500,0.14920082397616907,6,1e-05
500,0.14921676453395757,7,1e-05
500,0.14920069205412348,8,1e-05
500,0.14920287459819076,9,1e-05
0,0.8579200629857571,0,0.0001
0,0.8579210903626882,1,0.0001
0,0.8579265115134097,2,0.0001
0,0.8579123420527663,3,0.0001
0,0.8579163462726862,4,0.0001
0,0.8579917503675563,5,0.0001
0,0.8579436946851552,6,0.0001
0,0.8579143233840218,7,0.0001
0,0.8579088588768536,8,0.0001
0,0.8579404291889808,9,0.0001
25,0.8579123697569541,0,0.0001
25,0.8579332820264937,1,0.0001
25,0.8579549432069152,2,0.0001
25,0.8578809748077669,3,0.0001
25,0.8579158003101579,4,0.0001
25,0.8579431310700386,5,0.0001
25,0.8578788589486571,6,0.0001
25,0.8578891140123567,7,0.0001
25,0.8579253531100042,8,0.0001
25,0.8579083729659028,9,0.0001
50,0.8578535728591289,0,0.0001
50,0.8579222995091855,1,0.0001
50,0.8579534162861185,2,0.0001
50,0.8579429615258085,3,0.0001
50,0.857928028221124,4,0.0001
50,0.8579379092544439,5,0.0001
50,0.8579076433931905,6,0.0001
50,0.8579213834544037,7,0.0001
50,0.8579153850740228,8,0.0001
50,0.8579510538371156,9,0.0001
75,0.8579639507447987,0,0.0001
75,0.8578925538178017,1,0.0001
75,0.8579347334937346,2,0.0001
75,0.8579810721635907,3,0.0001
75,0.8578866495496907,4,0.0001
75,0.8579308414754191,5,0.0001
75,0.8579490742228679,6,0.0001
75,0.8579489719316866,7,0.0001
75,0.8579618258392492,8,0.0001
75,0.8579292585322253,9,0.0001
100,0.8577833009045022,0,0.0001
100,0.8579320009895454,1,0.0001
100,0.8579007182148868,2,0.0001
100,0.8579806641514885,3,0.0001
100,0.8563862668361467,4,0.0001
100,0.8579554180316137,5,0.0001
100,0.8579604877099564,6,0.0001
100,0.8578716743934791,7,0.0001
100,0.8579204059691513,8,0.0001
100,0.8579137004623738,9,0.0001
125,0.18125990926331567,0,0.0001
125,0.20924128953509075,1,0.0001
125,0.1580001038242686,2,0.0001
125,0.8570501866998378,3,0.0001
125,0.8504198627180779,4,0.0001
125,0.18820383808231284,5,0.0001
125,0.5760199451886853,6,0.0001
125,0.16571718659538628,7,0.0001
125,0.8303560155786154,8,0.0001
125,0.8578202337486543,9,0.0001
150,0.1961203991050529,0,0.0001
150,0.3443582994461743,1,0.0001
150,0.2120910054183397,2,0.0001
150,0.855661835676757,3,0.0001
150,0.17207430328047094,4,0.0001
150,0.4782527624597197,5,0.0001
150,0.21208938704249267,6,0.0001
150,0.1847563825750724,7,0.0001
150,0.8493689381069427,8,0.0001
150,0.8184741877234845,9,0.0001
175,0.15101867932682708,0,0.0001
175,0.15129399228064974,1,0.0001
175,0.17205435648615766,2,0.0001
175,0.18960439907142662,3,0.0001
175,0.15913905699738756,4,0.0001
175,0.15526248306598814,5,0.0001
175,0.6512150123260446,6,0.0001
175,0.21352654156795892,7,0.0001
175,0.1551543100064788,8,0.0001
175,0.20695463432614994,9,0.0001
200,0.15147219404495116,0,0.0001
200,0.16213293696360984,1,0.0001
200,0.15188528892091993,2,0.0001
200,0.155335023931242,3,0.0001
200,0.15335953605456354,4,0.0001
200,0.15820156358313384,5,0.0001
200,0.164587677910126,6,0.0001
200,0.1675789496629177,7,0.0001
200,0.15728006364381933,8,0.0001
200,0.1701693830567501,9,0.0001
225,0.15226632480877475,0,0.0001
225,0.1507434060657826,1,0.0001
225,0.15044714822734076,2,0.0001
225,0.151598085518962,3,0.0001
225,0.15187371777730532,4,0.0001
225,0.15184040758181855,5,0.0001
225,0.15219626342218298,6,0.0001
225,0.15206552543032503,7,0.0001
225,0.1578945045423155,8,0.0001
225,0.15642620550140174,9,0.0001
250,0.151563516809716,0,0.0001
250,0.15320419281521386,1,0.0001
250,0.15266013515771654,2,0.0001
250,0.15052862184042176,3,0.0001
250,0.15154506391209374,4,0.0001
250,0.15085115949317382,5,0.0001
250,0.1513384735051734,6,0.0001
250,0.15176470611673593,7,0.0001
250,0.15050400557613852,8,0.0001
250,0.15050180627634355,9,0.0001
275,0.1520818981624103,0,0.0001
275,0.15071437085648565,1,0.0001
275,0.15170806603268866,2,0.0001
275,0.15027911427717883,3,0.0001
275,0.1511712463353539,4,0.0001
275,0.15067041131609865,5,0.0001
275,0.1509623829111074,6,0.0001
275,0.15119394757702861,7,0.0001
275,0.15092418525825504,8,0.0001
275,0.15094206988498657,9,0.0001
300,0.14999630330895952,0,0.0001
300,0.15063872873242334,1,0.0001
300,0.1499485867965656,2,0.0001
300,0.15048321371160941,3,0.0001
300,0.15064828512325482,4,0.0001
300,0.15052448004896457,5,0.0001
300,0.1499376736892826,6,0.0001
300,0.15175362093403139,7,0.0001
300,0.15045020386233054,8,0.0001
300,0.15044415639962042,9,0.0001
325,0.14986514145676846,0,0.0001
325,0.14983479252598314,1,0.0001
325,0.1499967836456799,2,0.0001
325,0.15009289612216983,3,0.0001
325,0.1500487267267228,4,0.0001
325,0.1501074095384908,5,0.0001
325,0.15035162778441896,6,0.0001
325,0.15032137703859833,7,0.0001
325,0.14978053416996143,8,0.0001
325,0.1502512169123263,9,0.0001
350,0.15009915510795446,0,0.0001
350,0.1501106575395313,1,0.0001
350,0.15001391608948236,2,0.0001
350,0.14991880942966984,3,0.0001
350,0.15002173536054028,4,0.0001
350,0.15012961916299455,5,0.0001
350,0.14991296339637167,6,0.0001
350,0.1501531269556795,7,0.0001
350,0.15016475017711942,8,0.0001
350,0.15020029992795306,9,0.0001
375,0.1498076769634818,0,0.0001
375,0.14958984757922797,1,0.0001
375,0.14986684655276164,2,0.0001
375,0.14960406413943939,3,0.0001
375,0.14996011628510783,4,0.0001
375,0.14970969319955807,5,0.0001
375,0.14958761440391508,6,0.0001
375,0.1498477318076769,7,0.0001
375,0.14998132474290704,8,0.0001
375,0.15031614602700685,9,0.0001
400,0.14999618631620648,0,0.0001
400,0.1497965162274634,1,0.0001
400,0.14995061187991765,2,0.0001
400,0.14965196742125267,3,0.0001
400,0.14986406254173967,4,0.0001
400,0.14962604384855296,5,0.0001
400,0.14976900702920976,6,0.0001
400,0.14964620615289773,7,0.0001
400,0.14975794434181394,8,0.0001
400,0.14988776019877617,9,0.0001
425,0.14957782530123118,0,0.0001
425,0.14976475562149055,1,0.0001
425,0.14964588324627193,2,0.0001
425,0.14956850327028276,3,0.0001
425,0.14976130986437633,4,0.0001
425,0.14987960209050794,5,0.0001
425,0.14962397280246123,6,0.0001
425,0.14953834306895442,7,0.0001
425,0.1496444935302115,8,0.0001
425,0.1497568092321072,9,0.0001
450,0.1497258775204791,0,0.0001
450,0.1498198983930437,1,0.0001
450,0.14973492800562246,2,0.0001
450,0.14971449475740814,3,0.0001
450,0.14956711893070784,4,0.0001
450,0.14956421879333326,5,0.0001
450,0.14972537577612433,6,0.0001
450,0.14954472961931858,7,0.0001
450,0.14950995844149592,8,0.0001
450,0.14950319272794213,9,0.0001
475,0.14959474514959528,0,0.0001
475,0.14963347216928122,1,0.0001
475,0.14952382875061648,2,0.0001
475,0.14953025034991047,3,0.0001
475,0.14953328544253836,4,0.0001
475,0.14944575346663594,5,0.0001
475,0.14959241208681467,6,0.0001
475,0.14949669191343826,7,0.0001
475,0.1495518504880978,8,0.0001
475,0.14953734074302,9,0.0001
500,0.14952610481001408,0,0.0001
500,0.14952713877100884,1,0.0001
500,0.14955488552399704,2,0.0001
500,0.1496353775891231,3,0.0001
500,0.14946538925766065,4,0.0001
500,0.1496303962609063,5,0.0001
500,0.14954601250542648,6,0.0001
500,0.14951643327816727,7,0.0001
500,0.1495742543982385,8,0.0001
500,0.14947881998714516,9,0.0001
0,0.8579302434265236,0,0.001
0,0.857921034962533,1,0.001
0,0.8579326563444836,2,0.001
0,0.8579448117828856,3,0.001
0,0.8579575304088444,4,0.001
0,0.8579013686120348,5,0.001
0,0.8578958314904808,6,0.001
0,0.8579616789658319,7,0.001
0,0.8579286369925311,8,0.001
0,0.8579402018479737,9,0.001
25,0.8579454658098586,0,0.001
25,0.857940252091144,1,0.001
25,0.8578883460103657,2,0.001
25,0.8579247511239502,3,0.001
25,0.8579134587791827,4,0.001
25,0.8578861755449788,5,0.001
25,0.8578980855728625,6,0.001
25,0.8579782794656787,7,0.001
25,0.8579148744389099,8,0.001
25,0.8578900026249981,9,0.001
50,0.8579953352763898,0,0.001
50,0.8579246756133438,1,0.001
50,0.8578589261600237,2,0.001
50,0.8578893152393501,3,0.001
50,0.8579532470567972,4,0.001
50,0.8579367638301234,5,0.001
50,0.8579196561477114,6,0.001
50,0.8578869385142395,7,0.001
50,0.8578989682064392,8,0.001
50,0.8579306585511353,9,0.001
75,0.8579354391698454,0,0.001
75,0.8579024808111215,1,0.001
75,0.8578651990478613,2,0.001
75,0.8576505978687828,3,0.001
75,0.8579168366228113,4,0.001
75,0.857869940204576,5,0.001
75,0.857941195637059,6,0.001
75,0.8577087920274494,7,0.001
75,0.8576963710395527,8,0.001
75,0.8579334766339688,9,0.001
100,0.8579005602036468,0,0.001
100,0.8579555504713073,1,0.001
100,0.8579466916402064,2,0.001
100,0.8579124360659228,3,0.001
100,0.857772479932368,4,0.001
100,0.8579197358122381,5,0.001
100,0.8578374516499084,6,0.001
100,0.8578672047380893,7,0.001
100,0.8579015917865522,8,0.001
100,0.8579511702861125,9,0.001
125,0.856846384583404,0,0.001
125,0.8576320710030246,1,0.001
125,0.8568964146094502,2,0.001
125,0.8571125022698887,3,0.001
125,0.8575565702187622,4,0.001
125,0.85791225863126,5,0.001
125,0.8574838926312878,6,0.001
125,0.8576018445217362,7,0.001
125,0.8569426032308599,8,0.001
125,0.8575355486330415,9,0.001
150,0.8575222779019098,0,0.001
150,0.856428559949786,1,0.001
150,0.8571409715291716,2,0.001
150,0.8551157042456823,3,0.001
150,0.8554136683902741,4,0.001
150,0.8348572522197397,5,0.001
150,0.8571126767453171,6,0.001
150,0.8561406761051484,7,0.001
150,0.8572252033179084,8,0.001
150,0.8546336671722359,9,0.001
175,0.8510654696956595,0,0.001
175,0.8274679624820904,1,0.001
175,0.8536770925262872,2,0.001
175,0.8568921029696528,3,0.001
175,0.8577355067279097,4,0.001
175,0.8577724291631688,5,0.001
175,0.8575678226992758,6,0.001
175,0.8572992356384281,7,0.001
175,0.8306925738659695,8,0.001
175,0.8576688459862991,9,0.001
200,0.85619302796703,0,0.001
200,0.8560166875502476,1,0.001
200,0.8564418147869164,2,0.001
200,0.8464482405921385,3,0.001
200,0.3747916613070177,4,0.001
200,0.8507259565063936,5,0.001
200,0.8538410495878328,6,0.001
200,0.8562310356807529,7,0.001
200,0.8572151945625542,8,0.001
200,0.837985982176768,9,0.001
225,0.8489921690606937,0,0.001
225,0.7051098671022797,1,0.001
225,0.8138299398501583,2,0.001
225,0.42533239778413223,3,0.001
225,0.2722745182729002,4,0.001
225,0.847472473623266,5,0.001
225,0.8416563263111211,6,0.001
225,0.3260552650142573,7,0.001
225,0.8445239343150789,8,0.001
225,0.25544359949226586,9,0.001
250,0.32220817789519285,0,0.001
250,0.20484064555013018,1,0.001
250,0.4166788958955656,2,0.001
250,0.8392273887532449,3,0.001
250,0.22728432724158562,4,0.001
250,0.23327011933016153,5,0.001
250,0.4627526930493884,6,0.001
250,0.7888982592323172,7,0.001
250,0.3745199407601965,8,0.001
250,0.775232681946726,9,0.001
275,0.2626674533706728,0,0.001
275,0.30966411247616726,1,0.001
275,0.3000130377549269,2,0.001
275,0.18983488637816545,3,0.001
275,0.24240538095844016,4,0.001
275,0.19890514371105325,5,0.001
275,0.4734389554292198,6,0.001
275,0.3130989395443252,7,0.001
275,0.4583084624986553,8,0.001
275,0.17536362282982124,9,0.001
300,0.2029804571819331,0,0.001
300,0.17257212527436397,1,0.001
300,0.1889720700991306,2,0.001
300,0.1785531821014881,3,0.001
300,0.6672308132853539,4,0.001
300,0.1660773963618875,5,0.001
300,0.18704537772368662,6,0.001
300,0.2443814784772776,7,0.001
300,0.5399487615811502,8,0.001
300,0.19165502814264176,9,0.001
325,0.1777991703651177,0,0.001
325,0.22127815439567597,1,0.001
325,0.28318942951032333,2,0.001
325,0.18245035759873668,3,0.001
325,0.16406744130485348,4,0.001
325,0.2176148193729798,5,0.001
325,0.19414674029361095,6,0.001
325,0.17941949349796898,7,0.001
325,0.158360948287149,8,0.001
325,0.2044565059412522,9,0.001
350,0.1585804225324166,0,0.001
350,0.16621805417121935,1,0.001
350,0.1736532714262426,2,0.001
350,0.15982425556129928,3,0.001
350,0.16261559145651325,4,0.001
350,0.17835074445253468,5,0.001
350,0.1790654773085275,6,0.001
350,0.1623198498609356,7,0.001
350,0.16853201484907596,8,0.001
350,0.1644463678554537,9,0.001
375,0.16194331955024702,0,0.001
375,0.1647909161405324,1,0.001
375,0.18250397639535212,2,0.001
375,0.15853036937383153,3,0.001
375,0.16651044774581467,4,0.001
375,0.16249454183184356,5,0.001
375,0.1622218932095778,6,0.001
375,0.1670830517114814,7,0.001
375,0.1696160046893394,8,0.001
375,0.16048939533831996,9,0.001
400,0.16000493959347298,0,0.001
400,0.15511840756618003,1,0.001
400,0.15615439130145725,2,0.001
400,0.16322731570485302,3,0.001
400,0.16125269539015338,4,0.001
400,0.15473881972766776,5,0.001
400,0.16165488581269102,6,0.001
400,0.15760726660504723,7,0.001
400,0.16171999152738287,8,0.001
400,0.16092169132464348,9,0.001
425,0.15326505496991197,0,0.001
425,0.15573443553906552,1,0.001
425,0.1601282372155762,2,0.001
425,0.15768357506441685,3,0.001
425,0.16362980491017748,4,0.001
425,0.15763940627719056,5,0.001
425,0.1565159274084992,6,0.001
425,0.16144191212020217,7,0.001
425,0.15656015584891428,8,0.001
425,0.15841352190372127,9,0.001
450,0.15591075796740128,0,0.001
450,0.15375581237898697,1,0.001
450,0.15482303660371152,2,0.001
450,0.15636504445319915,3,0.001
450,0.1542398756640721,4,0.001
450,0.1534054685245708,5,0.001
450,0.15756714197113214,6,0.001
450,0.15480895727240995,7,0.001
450,0.15687155697941427,8,0.001
450,0.15690584290478987,9,0.001
475,0.15392460397510682,0,0.001
475,0.15555552589494065,1,0.001
475,0.15603663073563845,2,0.001
475,0.15390781183330496,3,0.001
475,0.15769657249744182,4,0.001
475,0.15494744539637295,5,0.001
475,0.15581542276142069,6,0.001
475,0.1529405065730905,7,0.001
475,0.15548320094294277,8,0.001
475,0.15333288353477753,9,0.001
500,0.1553914125364223,0,0.001
500,0.1524597505923546,1,0.001
500,0.15370789096190937,2,0.001
500,0.15245692005130704,3,0.001
500,0.15215102023839341,4,0.001
500,0.15472884985026306,5,0.001
500,0.1551203070387048,6,0.001
500,0.15385515108594885,7,0.001
500,0.1530446372449667,8,0.001
500,0.15308158720262377,9,0.001
0,0.8579022608006744,0,0.01
0,0.8579590850957137,1,0.01
0,0.8578489979452659,2,0.01
0,0.857943956120698,3,0.01
0,0.8579402901283174,4,0.01
0,0.8579361165633625,5,0.01
0,0.8579366576507766,6,0.01
0,0.8579518209340269,7,0.01
0,0.8578890271175119,8,0.01
0,0.8579340717440973,9,0.01
25,0.8579597319350758,0,0.01
25,0.8579131771061937,1,0.01
25,0.8579231270281837,2,0.01
25,0.8579603425649894,3,0.01
25,0.8579535817400878,4,0.01
25,0.857928344325152,5,0.01
25,0.8579087688546835,6,0.01
25,0.8578873812150766,7,0.01
25,0.8579430577378429,8,0.01
25,0.8578878458947025,9,0.01
50,0.857987712483562,0,0.01
50,0.8579053510530061,1,0.01
50,0.8579767071897191,2,0.01
50,0.8579067837517812,3,0.01
50,0.8580052389835852,4,0.01
50,0.8579025402768803,5,0.01
50,0.8578759739562081,6,0.01
50,0.8579061369185431,7,0.01
50,0.8579359896608312,8,0.01
50,0.8578466794309548,9,0.01
75,0.8577704821159737,0,0.01
75,0.8579674694943814,1,0.01
75,0.8579932623277954,2,0.01
75,0.8579268661978847,3,0.01
75,0.8579558572077027,4,0.01
75,0.8579741741832682,5,0.01
75,0.8578952141445129,6,0.01
75,0.8579023567218137,7,0.01
75,0.8579525248152898,8,0.01
75,0.8579058763871122,9,0.01
100,0.8579068992903807,0,0.01
100,0.8578920699706769,1,0.01
100,0.8579312180456922,2,0.01
100,0.8579201812982558,3,0.01
100,0.8579180018898946,4,0.01
100,0.8578368049873387,5,0.01
100,0.8579143572166712,6,0.01
100,0.8579706567495632,7,0.01
100,0.8579375486951746,8,0.01
100,0.8579228254360415,9,0.01
125,0.8578628545088203,0,0.01
125,0.8579205683368907,1,0.01
125,0.8579125822655267,2,0.01
125,0.857940209694732,3,0.01
125,0.8579080612333616,4,0.01
125,0.8579173550679376,5,0.01
125,0.8578195557973594,6,0.01
125,0.8578337463031864,7,0.01
125,0.857881679746567,8,0.01
125,0.8579226244459542,9,0.01
150,0.8578606000807483,0,0.01
150,0.8578991700169964,1,0.01
150,0.857840127141206,2,0.01
150,0.8579412989619253,3,0.01
150,0.857898902047672,4,0.01
150,0.8578755968386323,5,0.01
150,0.8578853945350551,6,0.01
150,0.857859450420638,7,0.01
150,0.8578147433503566,8,0.01
150,0.8579004930617983,9,0.01
175,0.857587217589384,0,0.01
175,0.8579549392810382,1,0.01
175,0.8577105671771441,2,0.01
175,0.8579059826559032,3,0.01
175,0.8577712216692139,4,0.01
175,0.857804184630368,5,0.01
175,0.8576080374206307,6,0.01
175,0.8578934199351356,7,0.01
175,0.8577919654206351,8,0.01
175,0.8577616763344977,9,0.01
200,0.8577559155810515,0,0.01
200,0.8578410257777282,1,0.01
200,0.8577139611310513,2,0.01
200,0.8576599531702517,3,0.01
200,0.8575546982112615,4,0.01
200,0.8572301344074671,5,0.01
200,0.8577746146667928,6,0.01
200,0.857395217127766,7,0.01
200,0.8576303590212742,8,0.01
200,0.857772339115374,9,0.01
225,0.8575961202765308,0,0.01
225,0.8577461428447308,1,0.01
225,0.857811884004555,2,0.01
225,0.8577364885744954,3,0.01
225,0.8577334910109008,4,0.01
225,0.8576361063675918,5,0.01
225,0.8577045419399598,6,0.01
225,0.8578649858712774,7,0.01
225,0.8576695423358731,8,0.01
225,0.8575120512706836,9,0.01
250,0.8574967863524995,0,0.01
250,0.8571315154572351,1,0.01
250,0.8574806676593204,2,0.01
250,0.8576303050938068,3,0.01
250,0.8575506956932002,4,0.01
250,0.8575185429852425,5,0.01
250,0.8565269118865386,6,0.01
250,0.8577385677235914,7,0.01
250,0.8578338973893468,8,0.01
250,0.8574596974373215,9,0.01
275,0.8574917980614912,0,0.01
275,0.8569065176379129,1,0.01
275,0.8565295306418195,2,0.01
275,0.8575632815669739,3,0.01
275,0.8576259583282055,4,0.01
275,0.8569387885246059,5,0.01
275,0.8574719401908758,6,0.01
275,0.8573278985043773,7,0.01
275,0.8571431871155554,8,0.01
275,0.8571581718714723,9,0.01
300,0.8568557141399169,0,0.01
300,0.8570065754334318,1,0.01
300,0.8566206918760748,2,0.01
300,0.8574708953009221,3,0.01
300,0.8571066859917104,4,0.01
300,0.8571780702935308,5,0.01
300,0.8570699408309199,6,0.01
300,0.8571490690527411,7,0.01
300,0.8570705749729061,8,0.01
300,0.8571744805302114,9,0.01
325,0.8554598476985228,0,0.01
325,0.8554796148436623,1,0.01
325,0.8562428399426675,2,0.01
325,0.8559061292824447,3,0.01
325,0.8568441794748899,4,0.01
325,0.8571445732461098,5,0.01
325,0.8569059836858933,6,0.01
325,0.8560524637842297,7,0.01
325,0.8568086431074943,8,0.01
325,0.8551423849183272,9,0.01
350,0.8545952301594866,0,0.01
350,0.856543635989954,1,0.01
350,0.8550084701760716,2,0.01
350,0.8563604468661539,3,0.01
350,0.8571051812874146,4,0.01
350,0.8556653547014412,5,0.01
350,0.8564926488819358,6,0.01
350,0.8554845865642776,7,0.01
350,0.8558048246518455,8,0.01
350,0.8561631569993889,9,0.01
375,0.8562691558168689,0,0.01
375,0.8544855609012654,1,0.01
375,0.8550151732601183,2,0.01
375,0.8544579911436155,3,0.01
375,0.8513810066875438,4,0.01
375,0.8550827312853055,5,0.01
375,0.8559999328340138,6,0.01
375,0.8564855101479977,7,0.01
375,0.8561455796500694,8,0.01
375,0.8543136263801447,9,0.01
400,0.8540963540993048,0,0.01
400,0.8482479964985418,1,0.01
400,0.8502340812416492,2,0.01
400,0.8514870956032623,3,0.01
400,0.8549465815761131,4,0.01
400,0.8543411700452153,5,0.01
400,0.8546143388595904,6,0.01
400,0.8565523230192849,7,0.01
400,0.8543980743643298,8,0.01
400,0.8545439736740821,9,0.01
425,0.853652374363088,0,0.01
425,0.8537387829864482,1,0.01
425,0.8548150510705117,2,0.01
425,0.8461702209856088,3,0.01
425,0.8506778428484877,4,0.01
425,0.8549556574658398,5,0.01
425,0.8505757185927075,6,0.01
425,0.8526809289104537,7,0.01
425,0.853130740500074,8,0.01
425,0.8555066933249962,9,0.01
450,0.854947712002648,0,0.01
450,0.8491135539344896,1,0.01
450,0.8491231815164951,2,0.01
450,0.8459722468224864,3,0.01
450,0.8523433216657699,4,0.01
450,0.8428083500668658,5,0.01
450,0.853650136921849,6,0.01
450,0.8482918588046511,7,0.01
450,0.8504043959538807,8,0.01
450,0.8490011623837105,9,0.01
475,0.84298685157689,0,0.01
475,0.8406799046110252,1,0.01
475,0.8408680732475662,2,0.01
475,0.8432288732497029,3,0.01
475,0.8329604615306366,4,0.01
475,0.8442452808213585,5,0.01
475,0.8511763597302259,6,0.01
475,0.8482741687907132,7,0.01
475,0.8499072840367551,8,0.01
475,0.8142544406734693,9,0.01
500,0.8528095020825491,0,0.01
500,0.7517959108412804,1,0.01
500,0.74271776008757,2,0.01
500,0.8468979367893326,3,0.01
500,0.8044867103861211,4,0.01
500,0.8476883268253526,5,0.01
500,0.8210781901053675,6,0.01
500,0.8297911451448462,7,0.01
500,0.8410970602680714,8,0.01
500,0.8176894418384885,9,0.01
0,0.857867734010644,0,0.1
0,0.8579303249461715,1,0.1
0,0.8578936843331364,2,0.1
0,0.8578936535941302,3,0.1
0,0.8579521468219666,4,0.1
0,0.8579000446818156,5,0.1
0,0.8578932059422716,6,0.1
0,0.8578449535062164,7,0.1
0,0.8578514904657052,8,0.1
0,0.8578642120528319,9,0.1
25,0.8579417065996501,0,0.1
25,0.8578779573709501,1,0.1
25,0.8579240697718405,2,0.1
25,0.8579237119303863,3,0.1
25,0.8578783007785195,4,0.1
25,0.8579006521987466,5,0.1
25,0.8579483785111687,6,0.1
25,0.8579119651100505,7,0.1
25,0.8578913625802986,8,0.1
25,0.8579316004817352,9,0.1
50,0.8578851893857299,0,0.1
50,0.8579428891903924,1,0.1
50,0.8579511640375855,2,0.1
50,0.8579548458490276,3,0.1
50,0.8578798457179,4,0.1
50,0.8579097692205798,5,0.1
50,0.8579225451163204,6,0.1
50,0.857944721971514,7,0.1
50,0.8579454426568526,8,0.1
50,0.8579655229395335,9,0.1
75,0.8578991657030437,0,0.1
75,0.8578720092340619,1,0.1
75,0.8579260087593832,2,0.1
75,0.8578879532234476,3,0.1
75,0.8579524659841822,4,0.1
75,0.8579474995151527,5,0.1
75,0.8579503598825527,6,0.1
75,0.8579490922997921,7,0.1
75,0.8579764168016376,8,0.1
75,0.8579586341983985,9,0.1
100,0.8579176951928227,0,0.1
100,0.8579492291212871,1,0.1
100,0.8578938497152273,2,0.1
100,0.8579069930464854,3,0.1
100,0.857853078277244,4,0.1
100,0.8579829053455187,5,0.1
100,0.8579462011081311,6,0.1
100,0.857965521963866,7,0.1
100,0.8578808649952112,8,0.1
100,0.8579263734066578,9,0.1
125,0.8579326726328447,0,0.1
125,0.8577876068891666,1,0.1
125,0.8578896470222298,2,0.1
125,0.8579050703581019,3,0.1
125,0.8579009377031731,4,0.1
125,0.8578170325127727,5,0.1
125,0.8578958742251693,6,0.1
125,0.857919527609237,7,0.1
125,0.8579335428654197,8,0.1
125,0.8579583879611254,9,0.1
150,0.8578855830960992,0,0.1
150,0.8579336841878141,1,0.1
150,0.8579841331483135,2,0.1
150,0.8578620002849928,3,0.1
150,0.8579264187573081,4,0.1
150,0.8578904521177969,5,0.1
150,0.8579397139007565,6,0.1
150,0.8579483137267812,7,0.1
150,0.8579742572966358,8,0.1
150,0.8578963607111411,9,0.1
175,0.8578484595896889,0,0.1
175,0.857916933891254,1,0.1
175,0.8578622572246325,2,0.1
175,0.8579602293371135,3,0.1
175,0.8579356383841023,4,0.1
175,0.8578346207860552,5,0.1
175,0.8578888716801704,6,0.1
175,0.8579335754173237,7,0.1
175,0.85786864563995,8,0.1
175,0.8579398758817097,9,0.1
200,0.8578523116054748,0,0.1
200,0.8578612174408985,1,0.1
200,0.8578743972792691,2,0.1
200,0.8579224812242798,3,0.1
200,0.8578581751137616,4,0.1
200,0.8578903418589867,5,0.1
200,0.8577893521348293,6,0.1
200,0.8579206777907025,7,0.1
200,0.8579164868521297,8,0.1
200,0.8579453276836059,9,0.1
225,0.8579163751702694,0,0.1
225,0.8578103695097401,1,0.1
225,0.8578534463994676,2,0.1
225,0.8578847711531319,3,0.1
225,0.8578899853297041,4,0.1
225,0.8578484593916221,5,0.1
225,0.8578526894748657,6,0.1
225,0.8579426061651033,7,0.1
225,0.8578448048571298,8,0.1
225,0.8579055372870491,9,0.1
250,0.857935017911131,0,0.1
250,0.8578328836232517,1,0.1
250,0.8577557292988212,2,0.1
250,0.857833912173756,3,0.1
250,0.8578353698316671,4,0.1
250,0.857896092326989,5,0.1
250,0.8578643419898603,6,0.1
250,0.8578701745730001,7,0.1
250,0.8578932765376344,8,0.1
250,0.8578571963089245,9,0.1
275,0.8578854246900143,0,0.1
275,0.8578597340145028,1,0.1
275,0.8579825732159824,2,0.1
275,0.8579558735635907,3,0.1
275,0.8578435658609113,4,0.1
275,0.8578618231273654,5,0.1
275,0.8578840429245004,6,0.1
275,0.8577977635276105,7,0.1
275,0.8577956947880521,8,0.1
275,0.8578206692659098,9,0.1
300,0.8578619336466111,0,0.1
300,0.8578742245016698,1,0.1
300,0.8578445521047702,2,0.1
300,0.8578618471591812,3,0.1
300,0.8578141632394652,4,0.1
300,0.8578333391473322,5,0.1
300,0.8578192389626281,6,0.1
300,0.8577637833379822,7,0.1
300,0.8578148063971086,8,0.1
300,0.8577045664684735,9,0.1
325,0.8577876899765873,0,0.1
325,0.8578088059388816,1,0.1
325,0.857838765948513,2,0.1
325,0.857784918202344,3,0.1
325,0.8576413128716213,4,0.1
325,0.8577707320438296,5,0.1
325,0.8578241073387153,6,0.1
325,0.8576663923745912,7,0.1
325,0.8579264194491716,8,0.1
325,0.8577330088174473,9,0.1
350,0.8576938355786228,0,0.1
350,0.8577844811642142,1,0.1
350,0.8577739951931803,2,0.1
350,0.8578462753964631,3,0.1
350,0.8577659280585753,4,0.1
350,0.8577915297273919,5,0.1
350,0.8577475253009808,6,0.1
350,0.8577842796020059,7,0.1
350,0.8577659580965322,8,0.1
350,0.8577654895132696,9,0.1
375,0.8577300338552051,0,0.1
375,0.8576996903463531,1,0.1
375,0.8576979165676534,2,0.1
375,0.8577769640161621,3,0.1
375,0.857771033313328,4,0.1
375,0.8578234351537541,5,0.1
375,0.8577638603597934,6,0.1
375,0.8577714501054704,7,0.1
375,0.8576172163087123,8,0.1
375,0.8577493345299004,9,0.1
400,0.8577914854466877,0,0.1
400,0.8577215408125582,1,0.1
400,0.8576658053545744,2,0.1
400,0.8577388027914538,3,0.1
400,0.8576492547986224,4,0.1
400,0.8577758652111502,5,0.1
400,0.8576970308609015,6,0.1
400,0.8576949742825374,7,0.1
400,0.8576764836431495,8,0.1
400,0.857731749324153,9,0.1
425,0.8577311232995142,0,0.1
425,0.8577080800352861,1,0.1
425,0.8577877624114395,2,0.1
425,0.857634989747542,3,0.1
425,0.8576578991441913,4,0.1
425,0.8577814836589598,5,0.1
425,0.8576896061477576,6,0.1
425,0.8577292226769457,7,0.1
425,0.8577170035660042,8,0.1
425,0.8576736546966268,9,0.1
450,0.8575517941955523,0,0.1
450,0.8574348157173393,1,0.1
450,0.8576042855227721,2,0.1
450,0.8575508581523172,3,0.1
450,0.8576980400205371,4,0.1
450,0.857646680409461,5,0.1
450,0.8575313973999785,6,0.1
450,0.8576848475444198,7,0.1
450,0.8576712265676655,8,0.1
450,0.8577140624016012,9,0.1
475,0.8575997324005898,0,0.1
475,0.8576899653421566,1,0.1
475,0.8575850786191695,2,0.1
475,0.8575156821651416,3,0.1
475,0.8576004496129132,4,0.1
475,0.8574219491094992,5,0.1
475,0.8574051770051433,6,0.1
475,0.8575570355428693,7,0.1
475,0.8576727856655061,8,0.1
475,0.8577329752062332,9,0.1
500,0.8574739367679431,0,0.1
500,0.8576472103089305,1,0.1
500,0.8576378033141662,2,0.1
500,0.8577228274158399,3,0.1
500,0.8574440858068041,4,0.1
500,0.8575079568890291,5,0.1
500,0.8577024449656732,6,0.1
500,0.8574710873061333,7,0.1
500,0.857547580471581,8,0.1
500,0.8574717555608662,9,0.1
0,0.8578685032782294,0,0.2
0,0.8579672944946973,1,0.2
0,0.8579520859331577,2,0.2
0,0.8579018548009878,3,0.2
0,0.8579252084095182,4,0.2
0,0.8579005308776979,5,0.2
0,0.8579321374345689,6,0.2
0,0.8579164528844274,7,0.2
0,0.8579626240379398,8,0.2
0,0.8579263687774747,9,0.2
25,0.857914424161581,0,0.2
25,0.8579184350508179,1,0.2
25,0.8579333958867644,2,0.2
25,0.8578542628275403,3,0.2
25,0.8578504652288285,4,0.2
25,0.8579274885193703,5,0.2
25,0.8579435126541857,6,0.2
25,0.8579849899194486,7,0.2
25,0.858005417007613,8,0.2
25,0.8579446477198959,9,0.2
50,0.8578014431055246,0,0.2
50,0.8579115544268697,1,0.2
50,0.8579513394471019,2,0.2
50,0.8579688519764169,3,0.2
50,0.8579118008565689,4,0.2
50,0.8578443090502613,5,0.2
50,0.8578844415217489,6,0.2
50,0.857896645096466,7,0.2
50,0.8580459408139598,8,0.2
50,0.8579045880030038,9,0.2
75,0.8579091355814156,0,0.2
75,0.857787284286974,1,0.2
75,0.8579707586745868,2,0.2
75,0.8578754562087462,3,0.2
75,0.8579102288515208,4,0.2
75,0.8578903075328627,5,0.2
75,0.8578523359260912,6,0.2
75,0.857913984345844,7,0.2
75,0.8580425849842532,8,0.2
75,0.8578940376433927,9,0.2
100,0.8580240196577905,0,0.2
100,0.8580115427499946,1,0.2
100,0.8580036537451394,2,0.2
100,0.8579116770486477,3,0.2
100,0.8578626884627463,4,0.2
100,0.8578552545635986,5,0.2
100,0.8578946025855069,6,0.2
100,0.857779830122176,7,0.2
100,0.8579413304804662,8,0.2
100,0.8579690736780863,9,0.2
125,0.8579763533964639,0,0.2
125,0.858039299056757,1,0.2
125,0.8578016151171265,2,0.2
125,0.85792693455553,3,0.2
125,0.8578748031908009,4,0.2
125,0.8578365209085416,5,0.2
125,0.8578900082238862,6,0.2
125,0.8578322453719873,7,0.2
125,0.857881651002409,8,0.2
125,0.8579697266510673,9,0.2
150,0.8579000522291373,0,0.2
150,0.8578943128614083,1,0.2
150,0.8578573058457345,2,0.2
150,0.8579980276207572,3,0.2
150,0.8579422911165174,4,0.2
150,0.857930688137842,5,0.2
150,0.8578989494429698,6,0.2
150,0.857932627970673,7,0.2
150,0.8579606725331984,8,0.2
150,0.8579757665807988,9,0.2
175,0.8578285327828611,0,0.2
175,0.8577564852786987,1,0.2
175,0.8579398587498325,2,0.2
175,0.8579275163948714,3,0.2
175,0.8579539940082852,4,0.2
175,0.8580273697411473,5,0.2
175,0.8579156143713614,6,0.2
175,0.8578788590087695,7,0.2
175,0.8579781463636137,8,0.2
175,0.8578909996875818,9,0.2
200,0.8578350844155568,0,0.2
200,0.8578566494907931,1,0.2
200,0.8578952583235248,2,0.2
200,0.857872207958229,3,0.2
200,0.8578107156599446,4,0.2
200,0.8579610069907022,5,0.2
200,0.8578598286295946,6,0.2
200,0.8578094683291335,7,0.2
200,0.8578994294896007,8,0.2
200,0.8579443258369633,9,0.2
225,0.8578988708211541,0,0.2
225,0.8578840783481292,1,0.2
225,0.85773116359165,2,0.2
225,0.8580675491304137,3,0.2
225,0.8579750889178211,4,0.2
225,0.8578940936814223,5,0.2
225,0.8579330019054839,6,0.2
225,0.857922564553603,7,0.2
225,0.8579448593825353,8,0.2
225,0.857826654320709,9,0.2
250,0.8579627077733878,0,0.2
250,0.8579380026340767,1,0.2
250,0.8578501003581848,2,0.2
250,0.8576993623446286,3,0.2
250,0.857921853668936,4,0.2
250,0.8578753437160864,5,0.2
250,0.8579650772689862,6,0.2
250,0.8580101782377114,7,0.2
250,0.8580217256363766,8,0.2
250,0.8578618017474503,9,0.2
275,0.8579336264132768,0,0.2
275,0.8579638105299019,1,0.2
275,0.8578528006435894,2,0.2
275,0.8579064629581348,3,0.2
275,0.8578807840359194,4,0.2
275,0.8578471899909668,5,0.2
275,0.8579003088324342,6,0.2
275,0.8579455898203595,7,0.2
275,0.8580047290935184,8,0.2
275,0.8578994942045284,9,0.2
300,0.8579995424122692,0,0.2
300,0.8579677957794213,1,0.2
300,0.8579291717774294,2,0.2
300,0.8579293057573377,3,0.2
300,0.8578915616478991,4,0.2
300,0.8578154364752637,5,0.2
300,0.8578017950219018,6,0.2
300,0.8578665994529123,7,0.2
300,0.857852732024703,8,0.2
300,0.8578213183441178,9,0.2
325,0.8578024520941685,0,0.2
325,0.8576791717620414,1,0.2
325,0.8577990667960476,2,0.2
325,0.8578233522690739,3,0.2
325,0.8577913190960199,4,0.2
325,0.8578357964375355,5,0.2
325,0.8577773263343412,6,0.2
325,0.8579437868182092,7,0.2
325,0.8577583763418525,8,0.2
325,0.8578343926008872,9,0.2
350,0.8578447037211495,0,0.2
350,0.8579058965384985,1,0.2
350,0.8577449802917563,2,0.2
350,0.8576962477642682,3,0.2
350,0.8577978480772428,4,0.2
350,0.8578153361331616,5,0.2
350,0.8576105377536625,6,0.2
350,0.8576953835544336,7,0.2
350,0.8576872623437708,8,0.2
350,0.857875927464539,9,0.2
375,0.8578064151036584,0,0.2
375,0.8576781715165319,1,0.2
375,0.8578148812925644,2,0.2
375,0.8577690865779797,3,0.2
375,0.8579046991375617,4,0.2
375,0.8577056963562476,5,0.2
375,0.8579572268341018,6,0.2
375,0.8576610399186628,7,0.2
375,0.8577739019885675,8,0.2
375,0.8578645336700107,9,0.2
400,0.8580258833792077,0,0.2
400,0.8578848787008948,1,0.2
400,0.8577914644807949,2,0.2
400,0.8576994103304194,3,0.2
400,0.8575935772139677,4,0.2
400,0.8578180230639759,5,0.2
400,0.8577051208637414,6,0.2
400,0.857821260033237,7,0.2
400,0.8576980255790791,8,0.2
400,0.8577111405784288,9,0.2
425,0.8576395336577731,0,0.2
425,0.857742136225127,1,0.2
425,0.8578268855302204,2,0.2
425,0.8577914341372774,3,0.2
425,0.8576083466622714,4,0.2
425,0.8577532015278402,5,0.2
425,0.857912357968041,6,0.2
425,0.8577123741436891,7,0.2
425,0.8577436188279909,8,0.2
425,0.8576210198155801,9,0.2
450,0.8576466737303126,0,0.2
450,0.8577799867276111,1,0.2
450,0.8577586097800572,2,0.2
450,0.8577114277205704,3,0.2
450,0.8578460543093006,4,0.2
450,0.8576592623644487,5,0.2
450,0.857800122917942,6,0.2
450,0.8577374345038171,7,0.2
450,0.8577007138407592,8,0.2
450,0.8577056833152763,9,0.2
475,0.8575911172365688,0,0.2
475,0.857756951956719,1,0.2
475,0.8575225220216912,2,0.2
475,0.8577953147300982,3,0.2
475,0.857775466526391,4,0.2
475,0.8577497385466648,5,0.2
475,0.8578311467664925,6,0.2
475,0.8578789803045169,7,0.2
475,0.8576343977015646,8,0.2
475,0.857751294186961,9,0.2
500,0.8577711760205771,0,0.2
500,0.857767523062721,1,0.2
500,0.8577822936347984,2,0.2
500,0.8577543087525378,3,0.2
500,0.857630398556599,4,0.2
500,0.8574320217196656,5,0.2
500,0.8576934850912591,6,0.2
500,0.8575814121160706,7,0.2
500,0.8576805610739108,8,0.2
500,0.857695614203428,9,0.2
0,0.8577994272687739,0,0.5
0,0.8577942298619502,1,0.5
0,0.8578741202280499,2,0.5
0,0.8577589209746435,3,0.5
0,0.858025677562354,4,0.5
0,0.8581232042840627,5,0.5
0,0.8578713414644236,6,0.5
0,0.8580057231375603,7,0.5
0,0.8578186537364922,8,0.5
0,0.858003992788958,9,0.5
25,0.8581505362128431,0,0.5
25,0.857800415105707,1,0.5
25,0.8581876767365455,2,0.5
25,0.8575712893923066,3,0.5
25,0.8581564141282614,4,0.5
25,0.8580057964257592,5,0.5
25,0.858011568042572,6,0.5
25,0.8580740884760487,7,0.5
25,0.8579787703603657,8,0.5
25,0.8580001234124461,9,0.5
50,0.8578885003437556,0,0.5
50,0.8577234070301956,1,0.5
50,0.857837336401398,2,0.5
50,0.8576372957364353,3,0.5
50,0.8578333421592664,4,0.5
50,0.8578573609849708,5,0.5
50,0.8578906101556287,6,0.5
50,0.857835664232008,7,0.5
50,0.8577549386722714,8,0.5
50,0.8578921115861037,9,0.5
75,0.8580052863717917,0,0.5
75,0.857771774506218,1,0.5
75,0.8581237355519489,2,0.5
75,0.8581576019361016,3,0.5
75,0.8578443768080661,4,0.5
75,0.8577730772268696,5,0.5
75,0.8578367892968839,6,0.5
75,0.8578107447491478,7,0.5
75,0.8577394844944107,8,0.5
75,0.8575217916115871,9,0.5
100,0.8579184620173724,0,0.5
100,0.857780158094892,1,0.5
100,0.8581456049060395,2,0.5
100,0.8580277413046381,3,0.5
100,0.8577836673577445,4,0.5
100,0.8580550593047737,5,0.5
100,0.8577492693888639,6,0.5
100,0.8581859276496151,7,0.5
100,0.8578798379489824,8,0.5
100,0.8575430136476673,9,0.5
125,0.8579694450325508,0,0.5
125,0.8580289665446537,1,0.5
125,0.8575811440463428,2,0.5
125,0.8574773343142857,3,0.5
125,0.857948075806211,4,0.5
125,0.8578897674438402,5,0.5
125,0.8579829222438737,6,0.5
125,0.8580490472993745,7,0.5
125,0.8576860570891456,8,0.5
125,0.8581720625983661,9,0.5
150,0.8576976199500619,0,0.5
150,0.857691558632035,1,0.5
150,0.8579103343135409,2,0.5
150,0.8578832128755995,3,0.5
150,0.8578600422993308,4,0.5
150,0.8579007386805365,5,0.5
150,0.8580868223537825,6,0.5
150,0.8580619701463726,7,0.5
150,0.8579472682941988,8,0.5
150,0.8577817007864018,9,0.5
175,0.8578688803128071,0,0.5
175,0.857403475730111,1,0.5
175,0.8579462638657605,2,0.5
175,0.857947457125026,3,0.5
175,0.8578915110239055,4,0.5
175,0.8578073647412907,5,0.5
175,0.8579866625948837,6,0.5
175,0.8579831391721204,7,0.5
175,0.8577430412671462,8,0.5
175,0.8579661079912935,9,0.5
200,0.8579372527887857,0,0.5
200,0.85793317375528,1,0.5
200,0.8579650455043518,2,0.5
200,0.8580005332488879,3,0.5
200,0.857899490679458,4,0.5
200,0.8581113976833825,5,0.5
200,0.8580580338006162,6,0.5
200,0.8578460884017409,7,0.5
200,0.8580531743784616,8,0.5
200,0.8580785941613538,9,0.5
225,0.8579436597229299,0,0.5
225,0.8579762933260298,1,0.5
225,0.8578665105498436,2,0.5
225,0.8581044424389194,3,0.5
225,0.857826416574193,4,0.5
225,0.8577117493069669,5,0.5
225,0.8579225436068879,6,0.5
225,0.8579469461751661,7,0.5
225,0.8581898979372881,8,0.5
225,0.8579408533716357,9,0.5
250,0.8578259892011988,0,0.5
250,0.8576821500464527,1,0.5
250,0.8580821909935085,2,0.5
250,0.8577321415811742,3,0.5
250,0.8582139201741222,4,0.5
250,0.8580022235213102,5,0.5
250,0.8578082890589483,6,0.5
250,0.8577740051845056,7,0.5
250,0.8578835446792694,8,0.5
250,0.85754604512014,9,0.5
275,0.8580411779775721,0,0.5
275,0.8579384202823056,1,0.5
275,0.8580385568066519,2,0.5
275,0.8582264372659142,3,0.5
275,0.8581892434447217,4,0.5
275,0.8578455135419516,5,0.5
275,0.8581553721820713,6,0.5
275,0.8574136445050915,7,0.5
275,0.8570805033995902,8,0.5
275,0.8579578504384271,9,0.5
300,0.8579217164116618,0,0.5
300,0.8577845287806246,1,0.5
300,0.8579361732892267,2,0.5
300,0.8580436019674403,3,0.5
300,0.8577823466681461,4,0.5
300,0.8579171627816617,5,0.5
300,0.8579653737881082,6,0.5
300,0.8578426195562464,7,0.5
300,0.8572973749524745,8,0.5
300,0.8580145849298302,9,0.5
325,0.8577971702550378,0,0.5
325,0.8576241329203526,1,0.5
325,0.8577704203707569,2,0.5
325,0.8576792144595022,3,0.5
325,0.8575656712303962,4,0.5
325,0.8578556903883487,5,0.5
325,0.8578932207610077,6,0.5
325,0.8577110233042885,7,0.5
325,0.8580641924460712,8,0.5
325,0.857745847204418,9,0.5
350,0.8577775292967145,0,0.5
350,0.857722407861724,1,0.5
350,0.8577841557299426,2,0.5
350,0.8580892100665148,3,0.5
350,0.8578375918393416,4,0.5
350,0.8578851626203041,5,0.5
350,0.8577700227586839,6,0.5
350,0.8580370132588951,7,0.5
350,0.8580349233186324,8,0.5
350,0.8568381612528738,9,0.5
375,0.857857305038802,0,0.5
375,0.8577613755062576,1,0.5
375,0.8578498651620384,2,0.5
375,0.8576370662262033,3,0.5
375,0.8579115202611012,4,0.5
375,0.8579648077169012,5,0.5
375,0.8575548750563985,6,0.5
375,0.8577053665427531,7,0.5
375,0.8580969221393674,8,0.5
375,0.8578900754537276,9,0.5
400,0.8579529787910979,0,0.5
400,0.8577684452938301,1,0.5
400,0.8578359153925824,2,0.5
400,0.8579001083896493,3,0.5
400,0.8580061740911203,4,0.5
400,0.8575996781027743,5,0.5
400,0.8578222626831046,6,0.5
400,0.8577920492303786,7,0.5
400,0.8576997924750843,8,0.5
400,0.8575742705602066,9,0.5
425,0.8578015157353812,0,0.5
425,0.8579422313097423,1,0.5
425,0.8573444529895907,2,0.5
425,0.8575460532605339,3,0.5
425,0.8577955584073312,4,0.5
425,0.8579307264465713,5,0.5
425,0.857755825988214,6,0.5
425,0.8577786656567067,7,0.5
425,0.8578635066282937,8,0.5
425,0.8573129075967916,9,0.5
450,0.8574927414352864,0,0.5
450,0.8579121530688371,1,0.5
450,0.857400845670205,2,0.5
450,0.858002102578667,3,0.5
450,0.857150554099609,4,0.5
450,0.8578049627348844,5,0.5
450,0.8578865285187314,6,0.5
450,0.8578790336026517,7,0.5
450,0.8578559492640132,8,0.5
450,0.8577125426091082,9,0.5
475,0.8576792639515022,0,0.5
475,0.8577572288224421,1,0.5
475,0.8577556370096024,2,0.5
475,0.8576240984454774,3,0.5
475,0.8578352647154979,4,0.5
475,0.8579142265540973,5,0.5
475,0.8578406633986312,6,0.5
475,0.857792555852587,7,0.5
475,0.8575608192113253,8,0.5
475,0.8576051787391343,9,0.5
500,0.8578608297279666,0,0.5
500,0.8579937893595699,1,0.5
500,0.8579375161208691,2,0.5
500,0.8579863060676964,3,0.5
500,0.8578410578144015,4,0.5
500,0.8575310606259486,5,0.5
500,0.8577775386437185,6,0.5
500,0.8577022522589286,7,0.5
500,0.8576440201423795,8,0.5
500,0.8577007991974851,9,0.5
0,0.8572941778971043,0,1
0,0.858078845661333,1,1
0,0.857936433639996,2,1
0,0.857109021348615,3,1
0,0.8579546739489489,4,1
0,0.8580092475105271,5,1
0,0.8575978735210875,6,1
0,0.8573821013596797,7,1
0,0.856808121551158,8,1
0,0.8578359172633371,9,1
25,0.8570821448981449,0,1
25,0.8578783177676079,1,1
25,0.8576272784664727,2,1
25,0.8570913879622323,3,1
25,0.857330110454812,4,1
25,0.8574882891483576,5,1
25,0.8570511568796707,6,1
25,0.8584031974245657,7,1
25,0.8583003655018556,8,1
25,0.8582757205441796,9,1
50,0.8578256645263167,0,1
50,0.858104351439631,1,1
50,0.8578100093810923,2,1
50,0.857382161602717,3,1
50,0.8581219952700393,4,1
50,0.8577036689592709,5,1
50,0.8568172180507734,6,1
50,0.8580842557022735,7,1
50,0.857924541193467,8,1
50,0.8577479923962457,9,1
75,0.8578669524379469,0,1
75,0.8571990226379619,1,1
75,0.8576453247441004,2,1
75,0.8568957233601326,3,1
75,0.8583176229954849,4,1
75,0.8578754867601612,5,1
75,0.8575897237943096,6,1
75,0.8578185198313628,7,1
75,0.8581452772358227,8,1
75,0.8582098578683024,9,1
100,0.857581853585639,0,1
100,0.8568245351046307,1,1
100,0.8577869834313363,2,1
100,0.8572777157559046,3,1
100,0.8580391214454615,4,1
100,0.8577494725958799,5,1
100,0.8581857926888825,6,1
100,0.856993768319393,7,1
100,0.8579561559693775,8,1
100,0.857742798105305,9,1
125,0.8580863401532379,0,1
125,0.8571078768504853,1,1
125,0.8580071770842599,2,1
125,0.8580765684185316,3,1
125,0.8579748659640944,4,1
125,0.8578161721292179,5,1
125,0.8578095415106438,6,1
125,0.8575475819270236,7,1
125,0.8572369547252026,8,1
125,0.8579155612103743,9,1
150,0.8582638393007443,0,1
150,0.8580764360911665,1,1
150,0.8580765032486475,2,1
150,0.8577091021746522,3,1
150,0.8576296935115942,4,1
150,0.858110194847781,5,1
150,0.8577767043633803,6,1
150,0.8576100669997254,7,1
150,0.8579409572657218,8,1
150,0.8572449965264571,9,1
175,0.8576615536717537,0,1
175,0.8574869703101752,1,1
175,0.8580249040304533,2,1
175,0.8581095290686397,3,1
175,0.8579040611994324,4,1
175,0.8578927919620626,5,1
175,0.857686643761377,6,1
175,0.8562267824582017,7,1
175,0.8567202596968135,8,1
175,0.8577153515549305,9,1
200,0.8579748241323895,0,1
200,0.8574457102224753,1,1
200,0.8581217748505661,2,1
200,0.8578540236510445,3,1
200,0.8574965576206743,4,1
200,0.8580885149912401,5,1
200,0.8582351034042918,6,1
200,0.8579061593327884,7,1
200,0.8573457146704818,8,1
200,0.8581317859092307,9,1
225,0.8574647058887411,0,1
225,0.8577145844860613,1,1
225,0.8580769100820186,2,1
225,0.8574882374138054,3,1
225,0.8568938780474692,4,1
225,0.8575814303009721,5,1
225,0.8573017687528569,6,1
225,0.8574638804156793,7,1
225,0.8577088562206996,8,1
225,0.857646407709906,9,1
250,0.8578126071213267,0,1
250,0.856273047937522,1,1
250,0.8574786701628307,2,1
250,0.8580761682029059,3,1
250,0.8576609765181629,4,1
250,0.8580801983310368,5,1
250,0.8580548835987212,6,1
250,0.8579314878738451,7,1
250,0.8580684384170304,8,1
250,0.8581048404139259,9,1
275,0.858187775971151,0,1
275,0.8575904534933724,1,1
275,0.8566432836030191,2,1
275,0.8577255915977974,3,1
275,0.8576828521634873,4,1
275,0.8577658122769458,5,1
275,0.857888249104212,6,1
275,0.8575996706537606,7,1
275,0.8573205937702968,8,1
275,0.8580489430152788,9,1
300,0.8575495437418668,0,1
300,0.8577003226573915,1,1
300,0.8575682157453407,2,1
300,0.857049966029115,3,1
300,0.8570614786628157,4,1
300,0.8573217764129324,5,1
300,0.8562860665027577,6,1
300,0.8581944753979758,7,1
300,0.8576406574019363,8,1
300,0.8576637149438836,9,1
325,0.8581517069252281,0,1
325,0.8561302581276972,1,1
325,0.8575321955965736,2,1
325,0.8578063419029701,3,1
325,0.8576287344483109,4,1
325,0.8577346931559283,5,1
325,0.8579922693470926,6,1
325,0.8575790545523347,7,1
325,0.8569049427129528,8,1
325,0.8573922182038132,9,1
350,0.8581181020410836,0,1
350,0.8557767914192473,1,1
350,0.8573421430814278,2,1
350,0.8581492580790451,3,1
350,0.8582432950090276,4,1
350,0.8579322716597634,5,1
350,0.8567887664975838,6,1
350,0.8573214489236995,7,1
350,0.8580341238487061,8,1
350,0.857661260835962,9,1
375,0.8579572013908396,0,1
375,0.8578938819709179,1,1
375,0.8580620045711267,2,1
375,0.8568696402757856,3,1
375,0.8577681164202253,4,1
375,0.8580571362946366,5,1
375,0.8572692621823446,6,1
375,0.8578443420692093,7,1
375,0.8574811012366835,8,1
375,0.85767642342896,9,1
400,0.8571933838163636,0,1
400,0.8575509326953145,1,1
400,0.8580300483940986,2,1
400,0.8576447023246294,3,1
400,0.8574432995464228,4,1
400,0.858101232338549,5,1
400,0.856587531953048,6,1
400,0.8578891893555165,7,1
400,0.8579492661998758,8,1
400,0.8580608200266313,9,1
425,0.8551899374750642,0,1
425,0.8557699260114576,1,1
425,0.8569016967082113,2,1
425,0.8572663139550691,3,1
425,0.8579286068403111,4,1
425,0.8571998020892988,5,1
425,0.8574607465058529,6,1
425,0.8578606455392153,7,1
425,0.8578090715526798,8,1
425,0.8570755576637371,9,1
450,0.8565198240060866,0,1
450,0.8577414715165769,1,1
450,0.8580443863617409,2,1
450,0.8575367964268669,3,1
450,0.8560125823213423,4,1
450,0.8583901800764168,5,1
450,0.8574483234388199,6,1
450,0.8575110058142497,7,1
450,0.8574149806759578,8,1
450,0.857637243652164,9,1
475,0.8556602550283323,0,1
475,0.8580425065867733,1,1
475,0.8579681781516452,2,1
475,0.8581434451212625,3,1
475,0.857120617653944,4,1
475,0.8571254076149845,5,1
475,0.857845013930238,6,1
475,0.8577279203993253,7,1
475,0.8576174168842945,8,1
475,0.8580672166273065,9,1
500,0.8577026826694817,0,1
500,0.8570909657771658,1,1
500,0.8564052565360781,2,1
500,0.8575145022345196,3,1
500,0.8579848752475719,4,1
500,0.8570067226841264,5,1
500,0.8576443410314332,6,1
500,0.857103351402514,7,1
500,0.8573816150828945,8,1
500,0.8561347700571775,9,1
0,0.8500755278630896,0,2
0,0.8554105362885102,1,2
0,0.8525165388707414,2,2
0,0.8537254663056308,3,2
0,0.8567272154963145,4,2
0,0.8548271235249584,5,2
0,0.8529434356253406,6,2
0,0.8544945817934168,7,2
0,0.8562604844936256,8,2
0,0.8553876932756088,9,2
25,0.852086781457363,0,2
25,0.8576418790622483,1,2
25,0.8382301175986127,2,2
25,0.8572081047568758,3,2
25,0.8544993214455338,4,2
25,0.8538643613250129,5,2
25,0.8572335238699841,6,2
25,0.8576998900337778,7,2
25,0.857725687519098,8,2
25,0.8561026628031748,9,2
50,0.8580938190708847,0,2
50,0.8546451707641702,1,2
50,0.856605120012148,2,2
50,0.8520611418496812,3,2
50,0.8565322122096858,4,2
50,0.8570862620189448,5,2
50,0.8555789929994054,6,2
50,0.8563175209447783,7,2
50,0.8349393448472865,8,2
50,0.8573037893815629,9,2
75,0.8577975936542899,0,2
75,0.8575546123871695,1,2
75,0.8565725560098872,2,2
75,0.8574807589704546,3,2
75,0.8578420866047128,4,2
75,0.8566582174495263,5,2
75,0.8423173771182667,6,2
75,0.8552865150334372,7,2
75,0.8489666522391734,8,2
75,0.8572450303836023,9,2
100,0.8553949771256664,0,2
100,0.8535282302248348,1,2
100,0.8503422682679986,2,2
100,0.8573436555114506,3,2
100,0.85687051894255,4,2
100,0.8579636296949071,5,2
100,0.8564376470206888,6,2
100,0.856655488661222,7,2
100,0.8559342636060596,8,2
100,0.8538622334553937,9,2
125,0.8582494116650021,0,2
125,0.850274015833936,1,2
125,0.8558899781753152,2,2
125,0.847547806488767,3,2
125,0.8574005112633055,4,2
125,0.8572316379768683,5,2
125,0.857212099207389,6,2
125,0.8543477853812322,7,2
125,0.855444160345634,8,2
125,0.8564744825509502,9,2
150,0.8568302825344299,0,2
150,0.8567381502292822,1,2
150,0.8294331359600124,2,2
150,0.8575366136297393,3,2
150,0.8551144437760753,4,2
150,0.8548468244523464,5,2
150,0.8572913785527595,6,2
150,0.8389100552498017,7,2
150,0.8473026104918319,8,2
150,0.8565110985737474,9,2
175,0.8545418279315683,0,2
175,0.8438468781502855,1,2
175,0.849479853682918,2,2
175,0.8574096355504288,3,2
175,0.853599488222836,4,2
175,0.8551807538270983,5,2
175,0.846685084791302,6,2
175,0.845695388304947,7,2
175,0.8536853731657608,8,2
175,0.8516474125838612,9,2
200,0.8563405717969411,0,2
200,0.8514012871693352,1,2
200,0.858218899852052,2,2
200,0.8538360732557622,3,2
200,0.8544071838045136,4,2
200,0.8575125884103025,5,2
200,0.8551816924453604,6,2
200,0.840780749825995,7,2
200,0.8546199306173982,8,2
200,0.8577971553626513,9,2
225,0.8334223116363332,0,2
225,0.856547131514815,1,2
225,0.8138574995022191,2,2
225,0.8518504967550129,3,2
225,0.8516136693762023,4,2
225,0.8549858739364637,5,2
225,0.8280075229311804,6,2
225,0.8559545132639125,7,2
225,0.848551569446113,8,2
225,0.850831144338524,9,2
250,0.8530335954277822,0,2
250,0.8565675938673811,1,2
250,0.8528339993410194,2,2
250,0.8559955970236407,3,2
250,0.8524908074826251,4,2
250,0.853105302012698,5,2
250,0.8556228782058212,6,2
250,0.8541925652144272,7,2
250,0.8562314169999511,8,2
250,0.8430715988305674,9,2
275,0.839070249972685,0,2
275,0.8562237968475819,1,2
275,0.8431611223161581,2,2
275,0.8525925013823249,3,2
275,0.8571776121691209,4,2
275,0.8463990327495395,5,2
275,0.8388568465645685,6,2
275,0.8566612640614455,7,2
275,0.8572552726680552,8,2
275,0.8510925511842541,9,2
300,0.8575478279575279,0,2
300,0.8548710670603046,1,2
300,0.8527917555978641,2,2
300,0.8538544760028812,3,2
300,0.8461813616081141,4,2
300,0.8528546518649485,5,2
300,0.8552380230868,6,2
300,0.8544349081018386,7,2
300,0.8574613034769539,8,2
300,0.8452038052610042,9,2
325,0.8551088803050515,0,2
325,0.8549095771585129,1,2
325,0.8573184710052848,2,2
325,0.8526652102225858,3,2
325,0.8571879395200491,4,2
325,0.8536576020262417,5,2
325,0.855095348841844,6,2
325,0.8559448568690942,7,2
325,0.8568131810792715,8,2
325,0.854478687944059,9,2
350,0.8537968865203645,0,2
350,0.8473859983898888,1,2
350,0.8535207683415627,2,2
350,0.8555285928317901,3,2
350,0.844844995385451,4,2
350,0.8378728413407311,5,2
350,0.855663022987899,6,2
350,0.8524421961122852,7,2
350,0.8573174580906021,8,2
350,0.8556251803993774,9,2
375,0.8467327764805808,0,2
375,0.848969292506683,1,2
375,0.8566155502995446,2,2
375,0.8493009908468208,3,2
375,0.8488052235727845,4,2
375,0.8456858600843804,5,2
375,0.8406007834983297,6,2
375,0.8181871462966779,7,2
375,0.8529769387486849,8,2
375,0.8550064891926011,9,2
400,0.8527227110592458,0,2
400,0.8528897261934998,1,2
400,0.8555064622671371,2,2
400,0.85295959269542,3,2
400,0.8548711561997973,4,2
400,0.8450810353419107,5,2
400,0.8406113188988334,6,2
400,0.8543092307844308,7,2
400,0.853383230605274,8,2
400,0.8553590307497088,9,2
425,0.8361678097078968,0,2
425,0.854299420537933,1,2
425,0.8248738163626284,2,2
425,0.8551158568198405,3,2
425,0.8574741330663174,4,2
425,0.8556284604664224,5,2
425,0.854087548247401,6,2
425,0.8554806251638174,7,2
425,0.8564927611106141,8,2
425,0.8458899899833595,9,2
450,0.8493466667858914,0,2
450,0.8576158687879356,1,2
450,0.8491509060423461,2,2
450,0.8491904554135704,3,2
450,0.8565692100430612,4,2
450,0.8536539845021672,5,2
450,0.8530131363666027,6,2
450,0.857054712472548,7,2
450,0.8573064160994773,8,2
450,0.8389467628618962,9,2
475,0.8566299757936212,0,2
475,0.8547953089889396,1,2
475,0.8510131444963827,2,2
475,0.8463841033035283,3,2
475,0.8459973554947571,4,2
475,0.7917684966194672,5,2
475,0.8545091100503923,6,2
475,0.8552001220794202,7,2
475,0.8542588668541453,8,2
475,0.8422852624499001,9,2
500,0.8493881559098502,0,2
500,0.8232448354864268,1,2
500,0.8497121860939384,2,2
500,0.8561045472893566,3,2
500,0.8493713697977183,4,2
500,0.8565376074007861,5,2
500,0.8519996668937496,6,2
500,0.8537744715263894,7,2
500,0.8463130010795318,8,2
500,0.8523420174746867,9,2
